{"cameraMode":{"drawMode":0,"name":"Shaded","section":"Shading Mode"},"sceneLighting":true,"audioPlay":false,"sceneViewState":{"showFog":true,"showMaterialUpdate":true,"showSkybox":true,"showFlares":true,"showImageEffects":true,"showParticleSystems":true},"in2DMode":false,"pivot":{"x":5.521881103515625,"y":3.761402130126953,"z":-3.8518643379211427},"rotation":{"x":-0.11831819266080857,"y":-0.724064290523529,"z":0.12840165197849275,"w":-0.6672893166542053},"size":9.765769958496094,"orthographic":false}