{"cameraMode":{"drawMode":0,"name":"Shaded","section":"Shading Mode"},"sceneLighting":false,"audioPlay":false,"sceneViewState":{"showFog":true,"showMaterialUpdate":true,"showSkybox":false,"showFlares":true,"showImageEffects":true,"showParticleSystems":true},"in2DMode":false,"pivot":{"x":3.9461939334869386,"y":4.8381757736206059,"z":2.637150287628174},"rotation":{"x":0.04495641216635704,"y":-0.03535471111536026,"z":0.001600195886567235,"w":0.998374342918396},"size":4.592648029327393,"orthographic":false}