{"cameraMode":{"drawMode":0,"name":"Shaded","section":"Shading Mode"},"sceneLighting":false,"audioPlay":false,"sceneViewState":{"showFog":true,"showMaterialUpdate":true,"showSkybox":false,"showFlares":true,"showImageEffects":true,"showParticleSystems":true},"in2DMode":false,"pivot":{"x":-1.6859242916107178,"y":1.3918572664260865,"z":0.21630489826202393},"rotation":{"x":0.031490109860897067,"y":0.017093705013394357,"z":-0.0005317183095030487,"w":0.9993677139282227},"size":1.6411116123199463,"orthographic":false}