{"cameraMode":{"drawMode":0,"name":"Shaded","section":"Shading Mode"},"sceneLighting":false,"audioPlay":false,"sceneViewState":{"showFog":true,"showMaterialUpdate":true,"showSkybox":false,"showFlares":true,"showImageEffects":true,"showParticleSystems":true},"in2DMode":false,"pivot":{"x":-1.1367440223693848,"y":2.5408124923706056,"z":-2.9264206886291506},"rotation":{"x":0.08521339297294617,"y":-0.06511250138282776,"z":0.0055881584994494919,"w":0.9942293763160706},"size":3.3926475048065187,"orthographic":false}